﻿<?xml version="1.0" encoding="utf-8"?>
<!--www.sut90.com-->
<RatioInfo>
  <Ratio1>0.0002500</Ratio1>
  <Ratio2>0</Ratio2>
  <Ratio3>0.00002</Ratio3>
  <Ratio4>5</Ratio4>
  <Ratio5>0</Ratio5>
  <Ratio6>0</Ratio6>
  <Ratio7>0.0003</Ratio7>
  <IsSh>false</IsSh>
  <IsFund>true</IsFund>
  <IsMargin>false</IsMargin>
  <Shares>0</Shares>
  <Price>0</Price>
  <SharesSell>0</SharesSell>
  <PriceSell>0</PriceSell>
  <CurrentShares>0</CurrentShares>
  <CurrentCost>0</CurrentCost>
  <RbBuy>true</RbBuy>
  <RbSell>false</RbSell>
  <NewShares>0</NewShares>
  <NewPrice>0</NewPrice>
  <CbTrade>true</CbTrade>
  <CbTop>false</CbTop>
</RatioInfo>